Borough,avg_green_area,avg_daytime_temp,avg_heat_index
Bronx,3344.20359,98.644066,4.08571429
Brooklyn,4003.50422,98.1627884,3.40816327
Manhattan,3362.6313,97.0328413,2.42857143
Queens,5043.43946,99.7146987,2.75438596
Staten Island,4916.1356,97.2139242,1.52631579