Borough,avg_total_green_area,avg_daytime_temp,avg_heat_index
Bronx,6016.82024,98.644066,4.08571429
Brooklyn,19381.8548,98.1627884,3.40816327
Manhattan,30757.167,97.0328413,2.42857143
Queens,4687.91466,99.7146987,2.75438596
Staten Island,6232.23508,97.2139242,1.52631579